"Title","Condizione","Prezzo","Luogo","Id_Venditore","Id_oggetto","Info_venditore"
"Dettagli su   British Airways Concorde Atlas Bone China Wedgwood Photo Frame 1996","Usato","GBP 40,00","Farnham, Regno Unito","jeremy1963","252351795873","Informazioni sul venditore professionale								Jeremy Jobling	6 St Georges Mews	Bear Lane	Farnham			Surrey			GU97LX			United Kingdom											Informazioni complete"
"Dettagli su   0,479MQ Rivestimento Atlas Concorde Brick Atelier 8x31,5 -Wandfliese-Wall Tiles","Nuovo","EUR 28,45","BOTRICELLO , Italia","giuseppe.iona","223487683555","Informazioni sul venditore professionale			IONA' SRL								giuseppe iona	Via Nazionale 430	88070 Botricello, CZ		Italia											Informazioni complete																															Numero registro delle imprese:					CZ 154013							Numero Partita IVA:									IT 02116030798												Fornisco fatture con indicazione IVA separata."
"Dettagli su   PAVIMENTO ATLAS CONCORDE BREATH  22,5X90 EFF.LEGNO FLIESEN HOLZEFFEKT STONEWARE","Nuovo","EUR 42,10","BOTRICELLO , Italia","giuseppe.iona","323782771745","Informazioni sul venditore professionale			IONA' SRL								giuseppe iona	Via Nazionale 430	88070 Botricello, CZ		Italia											Informazioni complete																															Numero registro delle imprese:					CZ 154013							Numero Partita IVA:									IT 02116030798												Fornisco fatture con indicazione IVA separata."
"Dettagli su   GRES EFFETTO MARMO ATLAS CONCORDE MARVEL 60X60 - FEINSTEINZEUG MARMOR-OPTIK","Nuovo","EUR 43,30","BOTRICELLO , Italia","giuseppe.iona","223487679723","Informazioni sul venditore professionale			IONA' SRL								giuseppe iona	Via Nazionale 430	88070 Botricello, CZ		Italia											Informazioni complete																															Numero registro delle imprese:					CZ 154013							Numero Partita IVA:									IT 02116030798												Fornisco fatture con indicazione IVA separata."
"Dettagli su   PAVIMENTO E RIVESTIMENTO ATLAS CONCORDE STUDIO 30X60 5wN2- FEINSTEINZEUG PORCE","Nuovo","EUR 44,80","BOTRICELLO , Italia","giuseppe.iona","323782772943","Informazioni sul venditore professionale			IONA' SRL								giuseppe iona	Via Nazionale 430	88070 Botricello, CZ		Italia											Informazioni complete																															Numero registro delle imprese:					CZ 154013							Numero Partita IVA:									IT 02116030798												Fornisco fatture con indicazione IVA separata."
"Dettagli su   PAVIMENTO E RIVESTIMENTO ATLAS CONCORDE EVOLVE  - FEINSTEINZEUG - FLOOR TILE","Nuovo","EUR 39,80","BOTRICELLO , Italia","giuseppe.iona","223487688267","Informazioni sul venditore professionale			IONA' SRL								giuseppe iona	Via Nazionale 430	88070 Botricello, CZ		Italia											Informazioni complete																															Numero registro delle imprese:					CZ 154013							Numero Partita IVA:									IT 02116030798												Fornisco fatture con indicazione IVA separata."
"Dettagli su   5,25MQ ATLAS CONCORDE PLAN 162X324 GRANDI LASTRE GRES VERKLEIDUNG GROßE PLATTEN","Nuovo","EUR 1.176,00","BOTRICELLO , Italia","giuseppe.iona","223487696374","Informazioni sul venditore professionale			IONA' SRL								giuseppe iona	Via Nazionale 430	88070 Botricello, CZ		Italia											Informazioni complete																															Numero registro delle imprese:					CZ 154013							Numero Partita IVA:									IT 02116030798												Fornisco fatture con indicazione IVA separata."
"Dettagli su   PIASTRELLE ATLAS CONCORDE ETIC EFF.LEGNO 15X90   FLIESE HOLZOPTIK- PORCELAIN","Nuovo","EUR 63,20","BOTRICELLO , Italia","giuseppe.iona","323782771757","Informazioni sul venditore professionale			IONA' SRL								giuseppe iona	Via Nazionale 430	88070 Botricello, CZ		Italia											Informazioni complete																															Numero registro delle imprese:					CZ 154013							Numero Partita IVA:									IT 02116030798												Fornisco fatture con indicazione IVA separata."
"Dettagli su   PAVIMENTO MARVEL EFF.MARMO ATLAS CONCORDE FEINSTEINZEUG MARMO EFF.  FLOOR TILES","Nuovo","EUR 38,60","BOTRICELLO , Italia","giuseppe.iona","223487683573","Informazioni sul venditore professionale			IONA' SRL								giuseppe iona	Via Nazionale 430	88070 Botricello, CZ		Italia											Informazioni complete																															Numero registro delle imprese:					CZ 154013							Numero Partita IVA:									IT 02116030798												Fornisco fatture con indicazione IVA separata."
"Dettagli su   MOSAICO ATLAS CONCORDE SUNROCK 30X30 ASN8 MOSAIK 30X30 FEINSTEINZEUG  MOSAIC","Nuovo","EUR 103,50","BOTRICELLO , Italia","giuseppe.iona","323782776952","Informazioni sul venditore professionale			IONA' SRL								giuseppe iona	Via Nazionale 430	88070 Botricello, CZ		Italia											Informazioni complete																															Numero registro delle imprese:					CZ 154013							Numero Partita IVA:									IT 02116030798												Fornisco fatture con indicazione IVA separata."
"Dettagli su   RIVESTIMENTO ATLAS CONCORDE SERIE ARTY 40X80  - WANDFLIESEN FEINST  - WALL TILES","Nuovo","EUR 44,70","BOTRICELLO , Italia","giuseppe.iona","323782774313","Informazioni sul venditore professionale			IONA' SRL								giuseppe iona	Via Nazionale 430	88070 Botricello, CZ		Italia											Informazioni complete																															Numero registro delle imprese:					CZ 154013							Numero Partita IVA:									IT 02116030798												Fornisco fatture con indicazione IVA separata."
"Dettagli su   PAVIMENTO ATLAS CONCORDE REVEAL 60X60 LAPPATO FLIESEN FEINSTEINZEUG STONEWARE","Nuovo","EUR 55,80","BOTRICELLO , Italia","giuseppe.iona","223498198820","Informazioni sul venditore professionale			IONA' SRL								giuseppe iona	Via Nazionale 430	88070 Botricello, CZ		Italia											Informazioni complete																															Numero registro delle imprese:					CZ 154013							Numero Partita IVA:									IT 02116030798												Fornisco fatture con indicazione IVA separata."
"Dettagli su   PIASTRELLE ATLAS CONCORDE ETIC EFF.LEGNO 25X150 - FLIESE HOLZOPTIK- PORCELAIN","Nuovo","EUR 65,85","BOTRICELLO , Italia","giuseppe.iona","223487679720","Informazioni sul venditore professionale			IONA' SRL								giuseppe iona	Via Nazionale 430	88070 Botricello, CZ		Italia											Informazioni complete																															Numero registro delle imprese:					CZ 154013							Numero Partita IVA:									IT 02116030798												Fornisco fatture con indicazione IVA separata."
"Dettagli su   RIVESTIMENTO ATLAS CONCORDE SERIE INTENSITY 30,5X91,5 - WANDFLIESEN - WALL TILES","Nuovo","EUR 66,20","BOTRICELLO , Italia","giuseppe.iona","223487691060","Informazioni sul venditore professionale			IONA' SRL								giuseppe iona	Via Nazionale 430	88070 Botricello, CZ		Italia											Informazioni complete																															Numero registro delle imprese:					CZ 154013							Numero Partita IVA:									IT 02116030798												Fornisco fatture con indicazione IVA separata."
"Dettagli su   Blue PRINT ADA102501 CABIN FILTER-														mostra il titolo originale","Nuovo","GBP 17,42","WF14 8NA, Regno Unito","autoperformanceonline","332592469923","Informazioni sul venditore professionale			Auto Silicone Hoses Ltd								Andrew Young	Unit 1 & 2 HolmeBank Business Park	Station Road	Mirfield			West Yorkshire			WF14 8NA			United Kingdom											Informazioni complete																							SupportAP MotorStoreUnit 1 & 2HolmeBank Business ParkStation RoadMirfieldWF14 8NAPhone: 0844 800 5199											Numero registro delle imprese:					7218501							Numero Partita IVA:									GB 898256166												Fornisco fatture con indicazione IVA separata.														Termini e condizioni della vendita										SupportAP MotorStoreUnit 1 & 2HolmeBank Business ParkStation RoadMirfieldWF14 8NAPhone: 0844 800 5199"
"Dettagli su   Blue PRINT ADA102217 AIR FILTER-														mostra il titolo originale","Nuovo","GBP 16,32","WF14 8NA, Regno Unito","autoperformanceonline","352309974893","Informazioni sul venditore professionale			Auto Silicone Hoses Ltd								Andrew Young	Unit 1 & 2 HolmeBank Business Park	Station Road	Mirfield			West Yorkshire			WF14 8NA			United Kingdom											Informazioni complete																							SupportAP MotorStoreUnit 1 & 2HolmeBank Business ParkStation RoadMirfieldWF14 8NAPhone: 0844 800 5199											Numero registro delle imprese:					7218501							Numero Partita IVA:									GB 898256166												Fornisco fatture con indicazione IVA separata.														Termini e condizioni della vendita										SupportAP MotorStoreUnit 1 & 2HolmeBank Business ParkStation RoadMirfieldWF14 8NAPhone: 0844 800 5199"
"Dettagli su   PIASTRELLE ATLAS CONCORDE SUNROCK 30X60 MATT/STRU FEINSTEINZEUG FLIESEN PORCEL","Nuovo","EUR 38,99","BOTRICELLO , Italia","giuseppe.iona","223487679716","Informazioni sul venditore professionale			IONA' SRL								giuseppe iona	Via Nazionale 430	88070 Botricello, CZ		Italia											Informazioni complete																															Numero registro delle imprese:					CZ 154013							Numero Partita IVA:									IT 02116030798												Fornisco fatture con indicazione IVA separata."
"Dettagli su   ATLAS CONCORDE ETIC EFF.LEGNO 22,5X90 STRUTTURATO - FLIESE HOLZOPTIK- PORCELAIN","Nuovo","EUR 58,80","BOTRICELLO , Italia","giuseppe.iona","223487681756","Informazioni sul venditore professionale			IONA' SRL								giuseppe iona	Via Nazionale 430	88070 Botricello, CZ		Italia											Informazioni complete																															Numero registro delle imprese:					CZ 154013							Numero Partita IVA:									IT 02116030798												Fornisco fatture con indicazione IVA separata."
"Dettagli su   PIASTRELLE ATLAS CONCORDE ETIC EFF.LEGNO 22,5X90- FLIESE HOLZOPTIK- PORCELAIN","Nuovo","EUR 57,30","BOTRICELLO , Italia","giuseppe.iona","323782774639","Informazioni sul venditore professionale			IONA' SRL								giuseppe iona	Via Nazionale 430	88070 Botricello, CZ		Italia											Informazioni complete																															Numero registro delle imprese:					CZ 154013							Numero Partita IVA:									IT 02116030798												Fornisco fatture con indicazione IVA separata."
"Dettagli su   0,504MQ Rivestimento Atlas Concorde Brick Atelier 8x31,5 -Wandfliese-Wall Tiles","Nuovo","EUR 29,23","BOTRICELLO , Italia","giuseppe.iona","323782764612","Informazioni sul venditore professionale			IONA' SRL								giuseppe iona	Via Nazionale 430	88070 Botricello, CZ		Italia											Informazioni complete																															Numero registro delle imprese:					CZ 154013							Numero Partita IVA:									IT 02116030798												Fornisco fatture con indicazione IVA separata."
"Dettagli su   PAVIMENTO ATLAS CONCORDE LEGEND 20X60  EFF.LEGNO FLIESEN HOLZEFFEKT STONEWARE","Nuovo","EUR 39,90","BOTRICELLO , Italia","giuseppe.iona","223487696353","Informazioni sul venditore professionale			IONA' SRL								giuseppe iona	Via Nazionale 430	88070 Botricello, CZ		Italia											Informazioni complete																															Numero registro delle imprese:					CZ 154013							Numero Partita IVA:									IT 02116030798												Fornisco fatture con indicazione IVA separata."
"Dettagli su   PIASTRELLE ATLAS CONCORDE  FIBRA - BODEN/WANDFLIESE FEINSTEINZEUG - FLOOR TILE","Nuovo","EUR 47,95","BOTRICELLO , Italia","giuseppe.iona","323782767327","Informazioni sul venditore professionale			IONA' SRL								giuseppe iona	Via Nazionale 430	88070 Botricello, CZ		Italia											Informazioni complete																															Numero registro delle imprese:					CZ 154013							Numero Partita IVA:									IT 02116030798												Fornisco fatture con indicazione IVA separata."
"Dettagli su   PIASTRELLE ATLAS CONCORDE ETIC EFF.LEGNO 11X90 AJ66- FLIESE HOLZOPTIK- PORCELAIN","Nuovo","EUR 67,80","BOTRICELLO , Italia","giuseppe.iona","223487684159","Informazioni sul venditore professionale			IONA' SRL								giuseppe iona	Via Nazionale 430	88070 Botricello, CZ		Italia											Informazioni complete																															Numero registro delle imprese:					CZ 154013							Numero Partita IVA:									IT 02116030798												Fornisco fatture con indicazione IVA separata."
"Dettagli su   Blue PRINT ADN12514 Filtro Cabin/Filtro Antipolline-														mostra il titolo originale","Nuovo","GBP 17,14","WF14 8NA, Regno Unito","autoperformanceonline","332826856336","Informazioni sul venditore professionale			Auto Silicone Hoses Ltd								Andrew Young	Unit 1 & 2 HolmeBank Business Park	Station Road	Mirfield			West Yorkshire			WF14 8NA			United Kingdom											Informazioni complete																							SupportAP MotorStoreUnit 1 & 2HolmeBank Business ParkStation RoadMirfieldWF14 8NAPhone: 0844 800 5199											Numero registro delle imprese:					7218501							Numero Partita IVA:									GB 898256166												Fornisco fatture con indicazione IVA separata.														Termini e condizioni della vendita										SupportAP MotorStoreUnit 1 & 2HolmeBank Business ParkStation RoadMirfieldWF14 8NAPhone: 0844 800 5199"
"Dettagli su   Blue PRINT ADT322114 AIR FILTER-														mostra il titolo originale","Nuovo","GBP 12,94","WF14 8NA, Regno Unito","autoperformanceonline","292491112172","Informazioni sul venditore professionale			Auto Silicone Hoses Ltd								Andrew Young	Unit 1 & 2 HolmeBank Business Park	Station Road	Mirfield			West Yorkshire			WF14 8NA			United Kingdom											Informazioni complete																							SupportAP MotorStoreUnit 1 & 2HolmeBank Business ParkStation RoadMirfieldWF14 8NAPhone: 0844 800 5199											Numero registro delle imprese:					7218501							Numero Partita IVA:									GB 898256166												Fornisco fatture con indicazione IVA separata.														Termini e condizioni della vendita										SupportAP MotorStoreUnit 1 & 2HolmeBank Business ParkStation RoadMirfieldWF14 8NAPhone: 0844 800 5199"
"Dettagli su   ATLAS CONCORDE MARVEL ONYX 30X60","Nuovo","EUR 1.335,96","BOTRICELLO , Italia","giuseppe.iona","223487690630","Informazioni sul venditore professionale			IONA' SRL								giuseppe iona	Via Nazionale 430	88070 Botricello, CZ		Italia											Informazioni complete																															Numero registro delle imprese:					CZ 154013							Numero Partita IVA:									IT 02116030798												Fornisco fatture con indicazione IVA separata."
"Dettagli su   PIASTRELLE ATLAS CONCORDE SUNROCK 60X60 MATT/STRU FEINSTEINZEUG FLIESEN PORCEL","Nuovo","EUR 44,80","BOTRICELLO , Italia","giuseppe.iona","323782763800","Informazioni sul venditore professionale			IONA' SRL								giuseppe iona	Via Nazionale 430	88070 Botricello, CZ		Italia											Informazioni complete																															Numero registro delle imprese:					CZ 154013							Numero Partita IVA:									IT 02116030798												Fornisco fatture con indicazione IVA separata."
"Dettagli su   PAVIMENTO ATLAS CONCORDE MATHERIA 60X60  EFF.CEMENT FLIESEN FEINSTEINZ STONEWARE","Nuovo","EUR 39,50","BOTRICELLO , Italia","giuseppe.iona","323782776945","Informazioni sul venditore professionale			IONA' SRL								giuseppe iona	Via Nazionale 430	88070 Botricello, CZ		Italia											Informazioni complete																															Numero registro delle imprese:					CZ 154013							Numero Partita IVA:									IT 02116030798												Fornisco fatture con indicazione IVA separata."
"Dettagli su   PAVIMENTO E  RIVESTIMENTO ATLAS CONCORDE STUDIO TEXTURE 30X60 -FEINSTEINZEUG","Nuovo","EUR 42,00","BOTRICELLO , Italia","giuseppe.iona","223487684157","Informazioni sul venditore professionale			IONA' SRL								giuseppe iona	Via Nazionale 430	88070 Botricello, CZ		Italia											Informazioni complete																															Numero registro delle imprese:					CZ 154013							Numero Partita IVA:									IT 02116030798												Fornisco fatture con indicazione IVA separata."
"Dettagli su   PAVIMENTO ATLAS CONCORDE SUNROCK 60X60 LASTRA 20 mm ABLMFLIESEN 20 mm PORCELAIN","Nuovo","EUR 64,10","BOTRICELLO , Italia","giuseppe.iona","223487686665","Informazioni sul venditore professionale			IONA' SRL								giuseppe iona	Via Nazionale 430	88070 Botricello, CZ		Italia											Informazioni complete																															Numero registro delle imprese:					CZ 154013							Numero Partita IVA:									IT 02116030798												Fornisco fatture con indicazione IVA separata."
"Dettagli su   1,60 MQ Rivestimento  Atlas Concorde Brilliant  40x80  Wandfliese Wall Tiles","Nuovo","EUR 74,99","BOTRICELLO , Italia","giuseppe.iona","323782774641","Informazioni sul venditore professionale			IONA' SRL								giuseppe iona	Via Nazionale 430	88070 Botricello, CZ		Italia											Informazioni complete																															Numero registro delle imprese:					CZ 154013							Numero Partita IVA:									IT 02116030798												Fornisco fatture con indicazione IVA separata."
"Dettagli su   MOSAICO ATLAS CONCORDE INTENSITY 30,5X30,5 - MOSAIK WANDFLIESEN - WALL TILES","Nuovo","EUR 22,50","BOTRICELLO , Italia","giuseppe.iona","323782771724","Informazioni sul venditore professionale			IONA' SRL								giuseppe iona	Via Nazionale 430	88070 Botricello, CZ		Italia											Informazioni complete																															Numero registro delle imprese:					CZ 154013							Numero Partita IVA:									IT 02116030798												Fornisco fatture con indicazione IVA separata."
"Dettagli su   PAVIMENTO RIVESTIMENTO ATLAS CONCORDE SUNROCK 15X90 FEINSTEINZEUG FLIESEN PORCEL","Nuovo","EUR 54,00","BOTRICELLO , Italia","giuseppe.iona","323782772929","Informazioni sul venditore professionale			IONA' SRL								giuseppe iona	Via Nazionale 430	88070 Botricello, CZ		Italia											Informazioni complete																															Numero registro delle imprese:					CZ 154013							Numero Partita IVA:									IT 02116030798												Fornisco fatture con indicazione IVA separata."
"Dettagli su   PAVIMENTO RIVESTIMENTO ATLAS CONCORDE SUNROCK 45X90 FEINSTEINZEUG FLIESEN PORCEL","Nuovo","EUR 47,30","BOTRICELLO , Italia","giuseppe.iona","223487683550","Informazioni sul venditore professionale			IONA' SRL								giuseppe iona	Via Nazionale 430	88070 Botricello, CZ		Italia											Informazioni complete																															Numero registro delle imprese:					CZ 154013							Numero Partita IVA:									IT 02116030798												Fornisco fatture con indicazione IVA separata."
"Dettagli su   PAVIMENTO RIVESTIMENTO ATLAS CONCORDE SUNROCK 75X75 FEINSTEINZEUG FLIESEN PORCEL","Nuovo","EUR 50,60","BOTRICELLO , Italia","giuseppe.iona","223487686081","Informazioni sul venditore professionale			IONA' SRL								giuseppe iona	Via Nazionale 430	88070 Botricello, CZ		Italia											Informazioni complete																															Numero registro delle imprese:					CZ 154013							Numero Partita IVA:									IT 02116030798												Fornisco fatture con indicazione IVA separata."
"Dettagli su   PIASTRELLE ATLAS CONCORDE DIAMANTE - BODEN/WANDFLIESE FEINSTEINZEUG -FLOOR TILE","Nuovo","EUR 56,10","BOTRICELLO , Italia","giuseppe.iona","223487696331","Informazioni sul venditore professionale			IONA' SRL								giuseppe iona	Via Nazionale 430	88070 Botricello, CZ		Italia											Informazioni complete																															Numero registro delle imprese:					CZ 154013							Numero Partita IVA:									IT 02116030798												Fornisco fatture con indicazione IVA separata."
"Dettagli su   RIVESTIMENTO ATLAS CONCORDE ARTY 40X80 DECORO 8ATM DEKOR WANDFLIESE - WALL TILES","Nuovo","EUR 66,50","BOTRICELLO , Italia","giuseppe.iona","323782763813","Informazioni sul venditore professionale			IONA' SRL								giuseppe iona	Via Nazionale 430	88070 Botricello, CZ		Italia											Informazioni complete																															Numero registro delle imprese:					CZ 154013							Numero Partita IVA:									IT 02116030798												Fornisco fatture con indicazione IVA separata."
"Dettagli su   PIASTRELLE ATLAS CONCORDE SUNROCK 22,5X90 MATT/STRU FEINSTEINZEUG FLIESEN PORCEL","Nuovo","EUR 51,90","BOTRICELLO , Italia","giuseppe.iona","323782764601","Informazioni sul venditore professionale			IONA' SRL								giuseppe iona	Via Nazionale 430	88070 Botricello, CZ		Italia											Informazioni complete																															Numero registro delle imprese:					CZ 154013							Numero Partita IVA:									IT 02116030798												Fornisco fatture con indicazione IVA separata."
"Dettagli su   MOSAICO ATLAS CONCORDE SUNROCK FABRIC 30X30 ASOG MOSAIK 30X30 FEINSTEINZEUG FLIE","Nuovo","EUR 141,20","BOTRICELLO , Italia","giuseppe.iona","223487690639","Informazioni sul venditore professionale			IONA' SRL								giuseppe iona	Via Nazionale 430	88070 Botricello, CZ		Italia											Informazioni complete																															Numero registro delle imprese:					CZ 154013							Numero Partita IVA:									IT 02116030798												Fornisco fatture con indicazione IVA separata."
"Dettagli su   PAVIMENTO E RIVESTIMENTO ATLAS CONCORDE STUDIO 60X120 8WN3 - FEINSTEINZEUG PORCE","Nuovo","EUR 63,05","BOTRICELLO , Italia","giuseppe.iona","223487691085","Informazioni sul venditore professionale			IONA' SRL								giuseppe iona	Via Nazionale 430	88070 Botricello, CZ		Italia											Informazioni complete																															Numero registro delle imprese:					CZ 154013							Numero Partita IVA:									IT 02116030798												Fornisco fatture con indicazione IVA separata."
"Dettagli su   PAVIMENTO E RIVESTIMENTO ATLAS CONCORDE STUDIO 60X60 7WN2- FEINSTEINZEUG PORCE","Nuovo","EUR 48,70","BOTRICELLO , Italia","giuseppe.iona","323782780546","Informazioni sul venditore professionale			IONA' SRL								giuseppe iona	Via Nazionale 430	88070 Botricello, CZ		Italia											Informazioni complete																															Numero registro delle imprese:					CZ 154013							Numero Partita IVA:									IT 02116030798												Fornisco fatture con indicazione IVA separata."
"Dettagli su   0,558MQ Mosaico Riv.  Atlas Concorde Brilliant 30,5X30,5 Mosaik","Nuovo","EUR 114,35","BOTRICELLO , Italia","giuseppe.iona","223487686687","Informazioni sul venditore professionale			IONA' SRL								giuseppe iona	Via Nazionale 430	88070 Botricello, CZ		Italia											Informazioni complete																															Numero registro delle imprese:					CZ 154013							Numero Partita IVA:									IT 02116030798												Fornisco fatture con indicazione IVA separata."
"Dettagli su   RIVESTIMENTO ATLAS CONCORDE ARTY 80X80 URBAN C2 8A2C WANDFLIESE DEKOR WALLTILES","Nuovo","EUR 129,50","BOTRICELLO , Italia","giuseppe.iona","323782767319","Informazioni sul venditore professionale			IONA' SRL								giuseppe iona	Via Nazionale 430	88070 Botricello, CZ		Italia											Informazioni complete																															Numero registro delle imprese:					CZ 154013							Numero Partita IVA:									IT 02116030798												Fornisco fatture con indicazione IVA separata."
"Dettagli su    RIVESTIMENTO ATLAS CONCORDE STUDIO MOSAICO LINEA 30X60 -FEINSTEINZEUG PORCELAIN","Nuovo","EUR 116,95","BOTRICELLO , Italia","giuseppe.iona","223487690634","Informazioni sul venditore professionale			IONA' SRL								giuseppe iona	Via Nazionale 430	88070 Botricello, CZ		Italia											Informazioni complete																															Numero registro delle imprese:					CZ 154013							Numero Partita IVA:									IT 02116030798												Fornisco fatture con indicazione IVA separata."
"Dettagli su   RIVESTIMENTO ATLAS CONCORDE ARTY 30,5X30,5 MINIBRICK WANDFLIESE BRICK- WALLTILES","Nuovo","EUR 198,00","BOTRICELLO , Italia","giuseppe.iona","223487684164","Informazioni sul venditore professionale			IONA' SRL								giuseppe iona	Via Nazionale 430	88070 Botricello, CZ		Italia											Informazioni complete																															Numero registro delle imprese:					CZ 154013							Numero Partita IVA:									IT 02116030798												Fornisco fatture con indicazione IVA separata."
"Dettagli su   2,880 MQ PIASTRELLE ATLAS CONCORDE DWELL 120X120 - FLIESEN 120X120 - STONEWARE","Nuovo","EUR 186,60","BOTRICELLO , Italia","giuseppe.iona","323782771749","Informazioni sul venditore professionale			IONA' SRL								giuseppe iona	Via Nazionale 430	88070 Botricello, CZ		Italia											Informazioni complete																															Numero registro delle imprese:					CZ 154013							Numero Partita IVA:									IT 02116030798												Fornisco fatture con indicazione IVA separata."
"Dettagli su   PAVIMENTO AXI 20mm  EFF.LEGNO ATLAS CONCORDE - FLIESE 20mm HOLZ-FLOOR TILE","Nuovo","EUR 64,80","BOTRICELLO , Italia","giuseppe.iona","223487694220","Informazioni sul venditore professionale			IONA' SRL								giuseppe iona	Via Nazionale 430	88070 Botricello, CZ		Italia											Informazioni complete																															Numero registro delle imprese:					CZ 154013							Numero Partita IVA:									IT 02116030798												Fornisco fatture con indicazione IVA separata."
"Dettagli su   1,28 mq ATLAS CONCORDE RIVESTIMENTO BRAVE 40X80-WANDFLIESE-WALL-TILE- REVÊTEMENT","Nuovo","EUR 55,04","BOTRICELLO , Italia","giuseppe.iona","323782769018","Informazioni sul venditore professionale			IONA' SRL								giuseppe iona	Via Nazionale 430	88070 Botricello, CZ		Italia											Informazioni complete																															Numero registro delle imprese:					CZ 154013							Numero Partita IVA:									IT 02116030798												Fornisco fatture con indicazione IVA separata."
"Dettagli su   Gres ATLAS CONCORDE NID 40X120 20mm EFFETTO LEGNO  - Fliesen Feinsteinzeug","Nuovo","EUR 81,50","BOTRICELLO , Italia","giuseppe.iona","223498202695","Informazioni sul venditore professionale			IONA' SRL								giuseppe iona	Via Nazionale 430	88070 Botricello, CZ		Italia											Informazioni complete																															Numero registro delle imprese:					CZ 154013							Numero Partita IVA:									IT 02116030798												Fornisco fatture con indicazione IVA separata."
"Dettagli su   GRES PIASTRELLE ATLAS CONCORDE 45X90 ARKSHADE LAPPATO  FEINSTEINZEUG FLIESE","Nuovo","EUR 65,70","BOTRICELLO , Italia","giuseppe.iona","223487686139","Informazioni sul venditore professionale			IONA' SRL								giuseppe iona	Via Nazionale 430	88070 Botricello, CZ		Italia											Informazioni complete																															Numero registro delle imprese:					CZ 154013							Numero Partita IVA:									IT 02116030798												Fornisco fatture con indicazione IVA separata."
"Dettagli su   1,65 mq ATLAS CONCORDE RIVESTIMENTO 3D SERIE DWELL 50X110 -WANDFLIESE- WALL-TILE","Nuovo","EUR 101,30","BOTRICELLO , Italia","giuseppe.iona","223487681775","Informazioni sul venditore professionale			IONA' SRL								giuseppe iona	Via Nazionale 430	88070 Botricello, CZ		Italia											Informazioni complete																															Numero registro delle imprese:					CZ 154013							Numero Partita IVA:									IT 02116030798												Fornisco fatture con indicazione IVA separata."
"Dettagli su   GRES ATLAS CONCORDE SIGN 30X60 PAVIMENTO  - Fliesen Feinsteinzeug PORCELAIN","Nuovo","EUR 30,00","BOTRICELLO , Italia","giuseppe.iona","323792239165","Informazioni sul venditore professionale			IONA' SRL								giuseppe iona	Via Nazionale 430	88070 Botricello, CZ		Italia											Informazioni complete																															Numero registro delle imprese:					CZ 154013							Numero Partita IVA:									IT 02116030798												Fornisco fatture con indicazione IVA separata."
"Dettagli su   GRES ATLAS CONCORDE UP 30X60  PAVIMENTO  - Fliesen Feinsteinzeug PORCELAIN","Nuovo","EUR 30,50","BOTRICELLO , Italia","giuseppe.iona","323792239608","Informazioni sul venditore professionale			IONA' SRL								giuseppe iona	Via Nazionale 430	88070 Botricello, CZ		Italia											Informazioni complete																															Numero registro delle imprese:					CZ 154013							Numero Partita IVA:									IT 02116030798												Fornisco fatture con indicazione IVA separata."
"Dettagli su   GRES ATLAS CONCORDE SEASTONE 30X60 PAVIMENTO  - Fliesen Feinsteinzeug PORCELAIN","Nuovo","EUR 42,50","BOTRICELLO , Italia","giuseppe.iona","223498202300","Informazioni sul venditore professionale			IONA' SRL								giuseppe iona	Via Nazionale 430	88070 Botricello, CZ		Italia											Informazioni complete																															Numero registro delle imprese:					CZ 154013							Numero Partita IVA:									IT 02116030798												Fornisco fatture con indicazione IVA separata."
"Dettagli su   GRES PIASTRELLE ATLAS CONCORDE 30X60 ARKSHADE  FEINSTEINZEUG FLIESE  STONEWARE","Nuovo","EUR 36,70","BOTRICELLO , Italia","giuseppe.iona","223487696346","Informazioni sul venditore professionale			IONA' SRL								giuseppe iona	Via Nazionale 430	88070 Botricello, CZ		Italia											Informazioni complete																															Numero registro delle imprese:					CZ 154013							Numero Partita IVA:									IT 02116030798												Fornisco fatture con indicazione IVA separata."
